level,minx,miny,maxx,maxy
3,106.70531250040467,10.817333799819865,106.74384853835654,10.853582259222538
2,106.72487130042265,10.842124199866062,106.73900660014269,10.853308400334791
1,106.72838940041284,10.848029299678917,106.73310094390092,10.853308400334791
0,106.7316252003335,10.851793699587619,106.73279129964287,10.853308400334791
0,106.7286717220209,10.851324200279977,106.72984930011293,10.852951658188852
0,106.73020300020679,10.851161882436783,106.73198365960646,10.853102899969477
0,106.72958940014229,10.851193600219627,106.73052010030588,10.853001299883804
0,106.72838940041284,10.849721372799152,106.7295839000314,10.851399199999166
0,106.73149380009218,10.848587200357603,106.73288500019373,10.85236529986985
0,106.73046110011694,10.849659700423235,106.73172980040276,10.851193600219627
0,106.72921450024916,10.849204499750176,106.73077669991565,10.851216800011434
0,106.73032713252412,10.848591199979435,106.73176269974932,10.849781099988082
0,106.73149400008795,10.848029299678917,106.73310094390092,10.849360899636062
1,106.73198365960646,10.845644170274886,106.73718875028624,10.851558653336934
0,106.73198365960646,10.84833820549715,106.73468853432502,10.851558653336934
0,106.7330226002142,10.847410509427245,106.73481204087162,10.848540400307677
0,106.7330779220563,10.847183600238532,106.7344632829506,10.847928783419146
0,106.73447120041371,10.846692674645467,106.73713628496434,10.848360815350242
0,106.73320221905081,10.84621899998777,106.73447120041371,10.847410509427245
0,106.73492016093145,10.845644170274886,106.73718875028624,10.846773343868938
1,106.72832256576545,10.844783299785483,106.7330779220563,10.849230562108628
0,106.72903993758023,10.847511041386428,106.73042163354802,10.849230562108628
0,106.73038948716574,10.848047275680548,106.73149400008795,10.848591320349186
0,106.73143180008985,10.847323082703303,106.7330779220563,10.848409359694745
0,106.72832256576545,10.846983899556756,106.72960314907742,10.848505876436537
0,106.73051140080413,10.847012500255865,106.73143180008985,10.848057872363954
0,106.72956709580167,10.846329051970942,106.73051140080413,10.84752609235134
0,106.73036609365637,10.845491667792434,106.73157786670238,10.847519268826792
0,106.73133549962785,10.84545299964681,106.73267860547122,10.847338378538971
0,106.7294042997816,10.845698988832845,106.73017707038609,10.846363363769479
0,106.72935600041912,10.844783299785483,106.73058201127583,10.845716934924233
1,106.72487130042265,10.842124199866062,106.7294057004066,10.848232200164592
0,106.72727993121516,10.846396639316637,106.72846450156065,10.84785256009224
0,106.72569219966702,10.84562067998587,106.72726380884714,10.848232200164592
0,106.72505243473128,10.846151099767512,106.72606769989467,10.847546425153011
0,106.728209989658,10.845648258397517,106.7294042997816,10.847078299957326
0,106.72487130042265,10.845066257270963,106.72620300015856,10.846545599929172
0,106.72584145642543,10.84452809977783,106.72750069970871,10.84579988847475
0,106.72682399999132,10.84383607341288,106.72873420031742,10.846266999852844
0,106.72833509963553,10.844066700129545,106.72937789983216,10.845748599805162
0,106.72607500038237,10.843414999843269,106.7272914004213,10.844816999991476
0,106.72837500034086,10.842124199866062,106.7294057004066,10.844117199699147
1,106.73267860547122,10.843247971206855,106.73900660014269,10.847094695659962
0,106.73267860547122,10.844774612013197,106.73476330007854,10.847094695659962
0,106.73861559987873,10.84507890009652,106.73900399978766,10.845969399710434
0,106.73464269996646,10.844489919294157,106.7384071996074,10.845763800057497
0,106.73309999973083,10.844446400245948,106.73454680004453,10.845463499845206
0,106.73772150906512,10.843433699962096,106.73900660014269,10.84551320027126
0,106.73454680004453,10.843608879265656,106.7388750998167,10.844505999632762
0,106.73498144769565,10.84359770832918,106.73762400038223,10.844483125936838
0,106.73290138055036,10.843594400012366,106.73455420037627,10.844474600334605
0,106.73296510296531,10.843580248066427,106.73489834897882,10.843888900318486
0,106.73489834897882,10.843247971206855,106.73803500019977,10.843618885335596
2,106.70855239963811,10.83195938679923,106.72931939973934,10.853582259222538
1,106.72477920025446,10.84734025925025,106.72931939973934,10.853582259222538
0,106.72707890010679,10.851534299621651,106.72885494616865,10.853582259222538
0,106.72570020008344,10.850067199698312,106.72733627316335,10.853582259222538
0,106.72667849994988,10.849565100349492,106.72890280014089,10.851638500131155
0,106.72477920025446,10.849599400373753,106.72604550005504,10.85071061345717
0,106.72604550005504,10.848897279608046,106.72711006336294,10.85044929965448
0,106.7273396749636,10.848717792622883,106.72854213447425,10.849762183435923
0,106.7283708830409,10.848331400014969,106.72931939973934,10.849973500294103
0,106.72609870032242,10.847943301347312,106.72754617381557,10.849169499959999
0,106.72519189956111,10.84734025925025,106.72600917889109,10.84971994052773
0,106.72726380884714,10.847743799748832,106.7283841003634,10.848841971150769
1,106.72115319976191,10.843509000233825,106.72592940034401,10.852749200240803
0,106.72481769991212,10.851351799951416,106.72592940034401,10.852581499957317
0,106.72359689982882,10.850101699947954,106.72500149965559,10.852749200240803
0,106.72492356160801,10.85071061345717,106.72589060040026,10.851477599787131
0,106.72359689982882,10.849665399817496,106.72497990042575,10.850748899622468
0,106.72316279386821,10.847579060231617,106.72538873445659,10.849898400064601
0,106.72230179962972,10.847384356447646,106.72381510032666,10.849491500430332
0,106.72352179977752,10.84587280031938,106.72536050045683,10.847577899848465
0,106.72264520016232,10.845673599866448,106.72385029954924,10.847577899848465
0,106.72372210017825,10.845190300094737,106.72489216761909,10.846096100443953
0,106.72115319976191,10.843509000233825,106.72297330019511,10.847268705783975
1,106.72137650043275,10.839749399983237,106.72611899970849,10.84592720044524
0,106.72249490035605,10.844016999864298,106.72389889996364,10.84592720044524
0,106.72344069960793,10.843909500210557,106.72508590010577,10.845355899917326
0,106.72440280255152,10.842147100371305,106.72611899970849,10.844949699568895
0,106.72254909774027,10.842510500023756,106.72373785903089,10.844016999864298
0,106.7236000996616,10.842246100294306,106.7248632999558,10.844064000045776
0,106.72146059969906,10.842521800208562,106.72289190033035,10.843509000233825
0,106.7224722646135,10.842107753103791,106.72373785903089,10.842778828147452
0,106.72156409961055,10.841930900035033,106.72254909774027,10.842635992608638
0,106.72137650043275,10.84107359961581,106.72268408558914,10.841930900035033
0,106.7239862002063,10.839749399983237,106.72569810035549,10.842303500294316
1,106.71561369994689,10.836790600346498,106.72265689968286,10.842384000431815
0,106.72077419996388,10.839775199854843,106.72164810010946,10.842384000431815
0,106.72126320041734,10.839224000031559,106.72265689968286,10.84026589980818
0,106.72046529970652,10.838780200249143,106.72172279984596,10.840057199686688
0,106.71561369994689,10.837895146884781,106.71831353571338,10.83931269998197
0,106.7212340003875,10.837752200255384,106.72238229988031,10.839321199594533
0,106.71980492993292,10.837976429052462,106.72168809977578,10.838931616655271
0,106.71801697102482,10.837289100371754,106.71951499990283,10.838579699651413
0,106.71978860017467,10.837600399808794,106.72140940035962,10.83816579963054
0,106.72129960001872,10.837090899784219,106.72252730013665,10.8377759004202
0,106.71598859960056,10.836790600346498,106.71802741087154,10.838074600248456
1,106.72136280058983,10.835101128885908,106.72611678414319,10.842241796496328
0,106.7241512997691,10.839417852730199,106.72611678414319,10.842147100371305
0,106.72230866616545,10.839245633480465,106.72387198718343,10.842241796496328
0,106.72136699969656,10.839919599704375,106.72265319997766,10.841290800359106
0,106.72352210035334,10.837362700115115,106.72552210000545,10.839749399983237
0,106.72238229988031,10.837792200140484,106.72362789970134,10.839245633480465
0,106.72250300031178,10.837177899984368,106.72362789970134,10.837806099719371
0,106.72470509976469,10.835971999966944,106.7259416000339,10.837555300028304
0,106.72136280058983,10.835414100058172,106.72264109982363,10.837357699856701
0,106.72236759973012,10.835250299825375,106.7237063827016,10.837362700115115
0,106.72355439961812,10.835101128885908,106.72506409349717,10.837109349540558
1,106.70855239963811,10.835619184967797,106.71609470017154,10.838399582027272
0,106.71415590007587,10.837024099782193,106.71600710024673,10.838399582027272
0,106.7132667314161,10.837260459510421,106.7144359999675,10.837929430077947
0,106.70956602343095,10.836646211614312,106.71199619987145,10.837752567660358
0,106.71201549977363,10.836462300201745,106.71419672812297,10.837548825910984
0,106.70894459955527,10.836638600099027,106.71168939971527,10.837069891484624
0,106.71469471886091,10.836258999853028,106.71609470017154,10.837297000433288
0,106.70855239963811,10.836385700088574,106.71201549977363,10.83690459983737
0,106.71201549977363,10.835967899816294,106.71482734393621,10.83707400670037
0,106.70877560031981,10.835868776528608,106.71162539980551,10.836660717458138
0,106.70893110043532,10.835619184967797,106.71195400029791,10.836434999749033
1,106.72487435686794,10.834457066874815,106.72869889974832,10.839423599641943
0,106.72577927092944,10.838223967360376,106.72731408674612,10.839417852730199
0,106.72704327965359,10.838091000201468,106.72839079968013,10.839423599641943
0,106.72500849976831,10.837306400032485,106.72612940039761,10.838554170759155
0,106.72731408674612,10.8370455000717,106.72845983635564,10.838500687518122
0,106.72590758775013,10.836227259728998,106.72756532622024,10.838223967360376
0,106.72725599473551,10.836300299567537,106.72843030032406,10.837176427197484
0,106.72493001124003,10.835331842721043,106.72615289345742,10.836333399721022
0,106.7276081000483,10.83509822229955,106.72869889974832,10.836300299567537
0,106.72584805249862,10.834635032924238,106.7276081000483,10.836579353595344
0,106.72487435686794,10.834457066874815,106.72611323172117,10.835331842721043
1,106.71560767460889,10.832603699790464,106.72164489981918,10.837671500226016
0,106.71988379985203,10.837060500286286,106.72140888728758,10.837671500226016
0,106.71802741087154,10.83665429987509,106.71959729999291,10.837337900034179
0,106.71959729999291,10.836305852140374,106.72140888728758,10.837271783436819
0,106.71824369983504,10.835850800224152,106.71971890029441,10.836907800351446
0,106.71560767460889,10.835154909900831,106.71824369983504,10.837093599713139
0,106.71971890029441,10.833434600447227,106.72164489981918,10.836564700058936
0,106.71863170031199,10.833796293223411,106.71945742420225,10.835909199907077
0,106.71596599081467,10.834342175965597,106.71754629975767,10.835042100075539
0,106.71605700240623,10.833582600221426,106.7176563000382,10.83454820000176
0,106.71604827503351,10.832603699790464,106.71745349403095,10.833681399703766
1,106.70904757959276,10.833206199935402,106.71632050020689,10.836462300201745
0,106.71462139958088,10.835270499736287,106.71585378344967,10.836448099734362
0,106.71218721647314,10.835218489114663,106.71462139958088,10.836462300201745
0,106.70904757959276,10.835535826131789,106.71195400029791,10.836070979235027
0,106.70904757959276,10.835219738199635,106.71218149974915,10.835833000228245
0,106.71218149974915,10.834306599845718,106.71450200033209,10.835999588567173
0,106.70918190010549,10.834587900053396,106.71174669979145,10.835563700216102
0,106.71442760035202,10.834426791170468,106.71632050020689,10.83543699955355
0,106.70954150031163,10.833785295471834,106.71191217013086,10.835219738199635
0,106.71402550011021,10.833920900288993,106.71605835026293,10.83458859993064
0,106.71211464370748,10.833206199935402,106.71406999978318,10.834569828381834
1,106.72139311315452,10.83195938679923,106.72514085814838,10.835702786745426
0,106.72156830015965,10.834490600112673,106.72250950008497,10.835702786745426
0,106.72246379963207,10.83469959961912,106.72363435187073,10.83526188027096
0,106.72363435187073,10.832996800066075,106.72514085814838,10.835616277076797
0,106.7215508385978,10.833903300179706,106.72251710019624,10.834542999826983
0,106.72250360856013,10.833498890433265,106.7236697996724,10.834906204054233
0,106.72154999956766,10.832977339772127,106.72257479968107,10.833929757692337
0,106.7225223000711,10.832808500152323,106.72346069957875,10.833655835829028
0,106.72367239816943,10.832664499782105,106.7249407001297,10.833209300344262
0,106.72257479968107,10.83195938679923,106.72381833115115,10.833305139137936
0,106.72139311315452,10.832005669877402,106.72271110007962,10.833125264148887
2,106.72472780028987,10.823926899822238,106.74384853835654,10.845474199902121
1,106.7292569650945,10.841199593870293,106.73303921258278,10.845474199902121
0,106.73151319960938,10.844421999987409,106.73292070027574,10.845474199902121
0,106.73027210042184,10.84386709992126,106.73156128358993,10.845138540390915
0,106.731551000021,10.84361689972514,106.73295830002196,10.844460332529193
0,106.7292569650945,10.842898999777422,106.73055618948598,10.844783299785483
0,106.7315731837985,10.843028522521674,106.73290274365746,10.844051500316292
0,106.73015983765525,10.843117599555455,106.7315731837985,10.843948573666314
0,106.73018159965345,10.842298326422911,106.73158714840115,10.843214883372406
0,106.73153550432147,10.842430287139221,106.73303921258278,10.843057522500974
0,106.72929461474354,10.841841300122992,106.7305132330386,10.843108187170708
0,106.73153550432147,10.841199593870293,106.73259579985722,10.842463999965693
1,106.73174825152708,10.839825499693639,106.74384853835654,10.843615488843463
0,106.73290118863966,10.843062100251547,106.73455149972388,10.84360299977094
0,106.73559144848375,10.843049099587986,106.73803500019977,10.843615488843463
0,106.73486479995306,10.842523199709108,106.7379826999433,10.843608308872561
0,106.73486479995306,10.842501359869381,106.7370460003612,10.843082000450057
0,106.73303921258278,10.842473300298108,106.73486479995306,10.84306816535246
0,106.73613135331989,10.841445736000026,106.73757622859179,10.842563399670357
0,106.73307612096082,10.840982600394723,106.73471510028702,10.842510099944244
0,106.73790690021163,10.839825499693639,106.74384853835654,10.843433699962096
0,106.73471510028702,10.840798934718213,106.73819269824003,10.841706899775604
0,106.73174825152708,10.840771645661844,106.73293209993372,10.841389802192325
1,106.72500520007374,10.837860776410155,106.72966471260776,10.843460999562234
0,106.72594230013777,10.841654899806906,106.72751909987393,10.843460999562234
0,106.72711100042484,10.840401689280537,106.72864330045391,10.843414999843269
0,106.72843816196207,10.841215161032382,106.72947150395437,10.842124199866062
0,106.72572929982888,10.84035107362891,106.72766190014333,10.841718899650374
0,106.72812304940318,10.840343892084883,106.72966471260776,10.84147543502729
0,106.72738687100852,10.839423599641943,106.72846281160042,10.840972075159778
0,106.72841327125523,10.839628499930114,106.72942440019263,10.840429400319403
0,106.72566249965769,10.83894427568839,106.72738687100852,10.840763126589907
0,106.72800590684012,10.837860776410155,106.72954739998467,10.840307727404811
0,106.72500520007374,10.838337600758772,106.7261198478862,10.839620400096212
1,106.72833658209292,10.836978942308786,106.73306669955514,10.842388799658453
0,106.73027822580622,10.840466867721204,106.7316240004313,10.842388799658453
0,106.72947150395437,10.84062230042775,106.73059529975484,10.841949399905415
0,106.72930387298048,10.83895793237051,106.73065595938613,10.840774197474156
0,106.73004805724388,10.838518912900561,106.73150113278628,10.840466867721204
0,106.72919585697127,10.838495299807253,106.73046066979421,10.8393280682083
0,106.73150113278628,10.837880700117564,106.73306669955514,10.839362007923418
0,106.72935340023272,10.837537011643548,106.73049939329604,10.838583593341282
0,106.73029861108635,10.837503899715337,106.73165683364628,10.83859000777371
0,106.72833658209292,10.837067100444205,106.72962447529373,10.838067265768807
0,106.73158120000751,10.836978942308786,106.73294639965997,10.837880700117564
1,106.7316240004313,10.837926299841637,106.74179056833994,10.841182999882006
0,106.73546346475179,10.840504996571912,106.73749079994813,10.840916693543432
0,106.73293209993372,10.840135299709717,106.73495519998328,10.841182999882006
0,106.73502219958354,10.839867100429009,106.73807019987683,10.840935099907318
0,106.73293209993372,10.839642299798355,106.73465719978026,10.84092260023207
0,106.7316240004313,10.839265124972005,106.73301467238201,10.840869200224963
0,106.73456239979214,10.839411572698221,106.73817380004196,10.840154700157035
0,106.73265648590692,10.839227478175802,106.73465719978026,10.839908300360879
0,106.73465719978026,10.838846094201982,106.73814491549871,10.839798209816541
0,106.73814491549871,10.837926299841637,106.74179056833994,10.84023484788934
0,106.73285370033351,10.83818010021933,106.73489719968319,10.839394057468668
1,106.73152990026057,10.830694899818429,106.7385889995602,10.839595499908988
0,106.73265754973644,10.837615169870354,106.7385889995602,10.839595499908988
0,106.73545949979949,10.83758969985797,106.73814520624728,10.838333000372007
0,106.73478123974499,10.83695811522967,106.73812849282425,10.837687851424457
0,106.73254625968306,10.834909100443197,106.73496624951807,10.838235108388584
0,106.73469552415125,10.834891666945964,106.73662563260471,10.83698652812218
0,106.73294170004733,10.833632099654936,106.73491061973975,10.835639660021457
0,106.7315414003306,10.83307679978488,106.7330976999469,10.835212287245373
0,106.73308479997029,10.832768400375045,106.73462291444291,10.83380350036462
0,106.73152990026057,10.831442802860431,106.73318140003995,10.833392100320454
0,106.733079199855,10.830694899818429,106.73454074669279,10.83318050029758
1,106.7270812541624,10.83220480028888,106.73294617250559,10.837870847096912
0,106.72942886759013,10.836581695192908,106.73024481954897,10.837870847096912
0,106.73023881792805,10.836506799698581,106.73158120000751,10.837628999637275
0,106.72831630028344,10.835754400436151,106.72970939976925,10.837123913500891
0,106.73113869986943,10.834694299996576,106.73294617250559,10.836978942308786
0,106.7270812541624,10.833106531169387,106.73265754973644,10.837615169870354
0,106.73025522455052,10.833392100320454,106.73257010031105,10.83708729965592
0,106.72834972718374,10.83369719958168,106.72989527383362,10.83613364950175
0,106.7293246001032,10.833481000414027,106.73042269033651,10.834755858312265
0,106.73023606585112,10.832723800238055,106.73162819962226,10.833857966137844
0,106.72943849955578,10.83220480028888,106.73045579977952,10.833656400317608
1,106.72472780028987,10.828628599701258,106.72952699991805,10.835547827066005
0,106.72690689996786,10.833282100141966,106.72866689984176,10.835547827066005
0,106.72472780028987,10.83333775731867,106.72627135241173,10.834495278612247
0,106.7283996152841,10.832479944006312,106.72943849955578,10.833938168342653
0,106.72584629039086,10.83137849073705,106.72745400690688,10.834816799722708
0,106.72733420021409,10.831334900421888,106.72864489972945,10.833738982032568
0,106.72831329165516,10.83071659962446,106.7293898005428,10.832613300155058
0,106.72548357880298,10.830366074473531,106.72741379448392,10.832729434854341
0,106.72695940042532,10.829403499686496,106.72870620014345,10.831613800143101
0,106.72588178578455,10.829264900170855,106.72732279988722,10.830657197506104
0,106.72833649996183,10.828628599701258,106.72952699991805,10.831027800420923
1,106.7283565995726,10.825921300139226,106.73299329990577,10.833234799910564
0,106.73040070036751,10.831153800044913,106.73162819962226,10.833234799910564
0,106.72901939988314,10.829586900155382,106.73052920028623,10.832613300155058
0,106.73160240020559,10.829924600049127,106.73272997598504,10.83144609957595
0,106.73027220035762,10.829257900297183,106.73187520009188,10.831498199656771
0,106.73142536577504,10.827864744948702,106.73299329990577,10.830254500299864
0,106.72936140012546,10.827734799862196,106.73035390004416,10.8300761998539
0,106.73027220035762,10.828054800415144,106.73166029994135,10.829659799973964
0,106.73031890022949,10.826845000127495,106.73159133185511,10.828394400058874
0,106.7283565995726,10.826205699864145,106.72959370037506,10.828721300063476
0,106.72921339971971,10.825921300139226,106.73059269991248,10.828191799882422
1,106.72505579977252,10.823926899822238,106.72962209980331,10.829731200086545
0,106.72740389989401,10.82823319956093,106.72843080037889,10.829731200086545
0,106.7258835004591,10.828044000303649,106.72746749959222,10.829601299715554
0,106.72505579977252,10.826923612941084,106.72613319990481,10.828534700248351
0,106.72722201319806,10.826963915680485,106.72852789870498,10.828387499806379
0,106.72587969964287,10.826764293226006,106.72740780021914,10.828302999636573
0,106.72586555778567,10.826261500108242,106.7272297235513,10.827114799741393
0,106.7272297235513,10.826094500110221,106.72852789870498,10.827256254012816
0,106.7282939996876,10.825198690276626,106.72962209980331,10.826461099869297
0,106.72689460027425,10.824625399698395,106.72866199966032,10.826461099869297
0,106.72584129636554,10.823926899822238,106.72743149990718,10.826498508071436
2,106.70531250040467,10.817333799819865,106.7270812541624,10.834156700013988
1,106.70946239974482,10.830748321604377,106.71608168684708,10.834156700013988
0,106.71452291195534,10.833385000065466,106.71605452571966,10.834142443847304
0,106.70946239974482,10.833268600205013,106.71186700873542,10.834156700013988
0,106.71229979995107,10.83299151267758,106.71462655578675,10.833685200062389
0,106.70964699352143,10.832774880351918,106.71229979995107,10.833491133776995
0,106.71458194172996,10.832539400012552,106.71608168684708,10.833609316082066
0,106.70964977617578,10.832446688806929,106.71225899915997,10.83291540103353
0,106.71211529977178,10.831975700308341,106.71460990036331,10.833206199935402
0,106.71453940013666,10.83156449975802,106.71607328349131,10.832544899792655
0,106.70980539972578,10.831212900406166,106.71218219956373,10.83255841302561
0,106.7121333422456,10.830748321604377,106.71417822863931,10.832348999691883
1,106.71607328349131,10.830171199958222,106.7223986805858,10.83382230013023
0,106.71728339963607,10.831563129111256,106.7201968964797,10.83382230013023
0,106.71608168684708,10.8321929003587,106.71794315628742,10.832936500012728
0,106.71911625514346,10.831392260293399,106.721767426689,10.833448500353631
0,106.71607328349131,10.831649700432324,106.71794459954617,10.832309655432057
0,106.71783999458368,10.831006699759502,106.71933976019955,10.832126701630717
0,106.7211927665016,10.83096903673793,106.7223986805858,10.832069558284958
0,106.71607328349131,10.830964399646708,106.71783999458368,10.831946701146734
0,106.71614043473532,10.830664200086703,106.71782980024749,10.831370808986865
0,106.71972214488738,10.830171199958222,106.72151122247816,10.83158803943382
0,106.71782980024749,10.830462700006976,106.71972214488738,10.83127547867535
1,106.72141094193981,10.82735730034071,106.7270812541624,10.833840252152005
0,106.72456998502646,10.830641037044188,106.72600919957777,10.833840252152005
0,106.72366071534641,10.831378817042413,106.72500661450499,10.832734799794407
0,106.72230995042834,10.830819438177446,106.72363498609089,10.832175941297033
0,106.72236061195873,10.829168902786911,106.7270812541624,10.833106531169387
0,106.72141094193981,10.829601358802844,106.72257345112244,10.831119918898118
0,106.7224066292176,10.828933900063035,106.72394149997322,10.83092352566212
0,106.72319811247586,10.829183100288422,106.72532049966753,10.830641037044188
0,106.72462072716185,10.82883989957191,106.72617750034539,10.830641037044188
0,106.72335190000757,10.827408636121252,106.72494249980024,10.829210839194845
0,106.72253589992584,10.82735730034071,106.72378619973273,10.829231700086446
1,106.70992049970833,10.827679023019359,106.71785980036051,10.831975700308341
0,106.70992049970833,10.83057850031722,106.7121333422456,10.831766861768152
0,106.71417822863931,10.829918798612997,106.71616359958404,10.831660132849015
0,106.71211100012728,10.829573500265361,106.71424080034046,10.831975700308341
0,106.71538688066336,10.830098039444684,106.71785980036051,10.830930999826736
0,106.70992049970833,10.829651099612592,106.71211100012728,10.830719679798417
0,106.71209160038602,10.82913610095941,106.71426884615602,10.829979915939607
0,106.71424080034046,10.828823399616903,106.7156993284883,10.830098039444684
0,106.71020019983634,10.828189132154332,106.71214930012792,10.830151999957266
0,106.71214930012792,10.828530967730352,106.71429690032818,10.829573500265361
0,106.71434528859578,10.827679023019359,106.71601679962541,10.829248507843609
1,106.71551756958179,10.82858094767768,106.72257345112243,10.830836137194552
0,106.71780900036936,10.82968633942587,106.71993130017096,10.830836137194552
0,106.71991131448743,10.829721799596841,106.72144587729143,10.830506300398792
0,106.71551756958179,10.829248507843609,106.7180004995857,10.83029872546584
0,106.71971486646116,10.829289233181488,106.72148610036196,10.829985899582587
0,106.71794522601853,10.82939807260995,106.71971486646116,10.82982446707689
0,106.71797168203162,10.828947416722508,106.71986928029575,10.82960789979679
0,106.71986640038642,10.828753800438088,106.7212580003132,10.829721799596841
0,106.71610859978803,10.828766262596826,106.71811879968062,10.829655445846754
0,106.72072724496682,10.82858094767768,106.72257345112243,10.829808407962796
0,106.71811879968062,10.828657099946259,106.71986928029575,10.82934828801843
1,106.71004004774882,10.82541463299476,106.71799692581902,10.828823399616903
0,106.71214930012792,10.827596499893728,106.71434528859578,10.828823399616903
0,106.71004004774882,10.826571852984948,106.7121076724976,10.828572999660143
0,106.71210719967422,10.826674271039058,106.71438249997361,10.828394300278514
0,106.7143718997984,10.826763099558377,106.7160878996161,10.827778900273628
0,106.71435079994525,10.825913600618236,106.71746822089841,10.826990000049255
0,106.7121076724976,10.825895900261626,106.71438380004969,10.826915235602954
0,106.7103355739539,10.825874199610602,106.71221670022453,10.826785411403941
0,106.71540800005506,10.82541463299476,106.71799692581902,10.826992328056573
0,106.71256929992222,10.82569589714393,106.71452931381566,10.826512099991294
0,106.71451599982717,10.825531555981625,106.71576842315508,10.826028199878806
1,106.71583149964877,10.82487722941069,106.72274700002723,10.829168902786911
0,106.71783259976736,10.828417499709555,106.72000560020405,10.828852277269595
0,106.71601679962541,10.828153003029827,106.71787125121982,10.829016728166676
0,106.71812859979732,10.827420355144865,106.72006450032502,10.82870042198223
0,106.71941808509884,10.8270056000267,106.72243969962017,10.828933900063035
0,106.72086405437173,10.82627245096575,106.72274700002723,10.829168902786911
0,106.71583149964877,10.826806474974056,106.71812859979732,10.828245200325199
0,106.71794760389476,10.826819199925392,106.72017851719455,10.827892300061581
0,106.7198891948758,10.82610492172855,106.72154979977068,10.827176200041416
0,106.71783462538379,10.825880200414904,106.71995389970161,10.827061108037427
0,106.7200456003338,10.82487722941069,106.72148500002096,10.826260099798999
1,106.72166374095136,10.822188959962828,106.72608314681675,10.827628900110579
0,106.7246668002241,10.82600938198438,106.72608314681675,10.827628900110579
0,106.72357505118727,10.825711212786622,106.72493580033196,10.827559056928925
0,106.72220649996763,10.825420499780051,106.72399160005193,10.82735730034071
0,106.72166374095136,10.82517909972095,106.72256590018553,10.826414416998634
0,106.72349300016784,10.824044152319175,106.72490359972382,10.825711212786622
0,106.72472120023478,10.823421199576918,106.72597130006402,10.826119199723838
0,106.72228819995598,10.823481000282316,106.72370870007713,10.82556139966859
0,106.72180489986592,10.822970999960576,106.72256590018553,10.82517909972095
0,106.72357519998133,10.822718099622618,106.72482789984271,10.824294449180597
0,106.72239900040705,10.822188959962828,106.72369379961377,10.823815099582713
1,106.71590687222766,10.821596499726448,106.72170639431002,10.825909718382013
0,106.71830290232613,10.824997699598393,106.7196608182577,10.825909718382013
0,106.7163325004012,10.824251299824171,106.71826211113871,10.82552035584151
0,106.71988768958637,10.824335700292114,106.72135370447833,10.82513130003873
0,106.71780150038224,10.8238879424341,106.71970824511396,10.825275841990633
0,106.71970824511396,10.82379735770989,106.72169430010186,10.8245863998133
0,106.71590687222766,10.823145100085425,106.71789479988941,10.824440899597164
0,106.71788419983483,10.822817832103677,106.71984824997209,10.824402999785452
0,106.71976179982269,10.822989317271027,106.72170639431002,10.823850331841067
0,106.71749000041142,10.821596499726448,106.7199368684414,10.823459115184725
0,106.7195828997456,10.821646799963705,106.72164200034213,10.823093899811512
1,106.70531250040467,10.817333799819865,106.71792380041241,10.826221600349985
0,106.714300699762,10.825282872030067,106.71590943202978,10.825931999625313
0,106.71156680640274,10.825049197163048,106.714300699762,10.825890570860984
0,106.71439319074938,10.824859745897294,106.7160841129384,10.825450935842527
0,106.70531250040467,10.823433800022762,106.71337549972748,10.826221600349985
0,106.71408730018341,10.824186184025798,106.71616372116308,10.825072817982067
0,106.71076515274046,10.823352100409604,106.714639287384,10.825627599696979
0,106.71430529962686,10.823189700108188,106.71630380036395,10.824757100315859
0,106.71432010792844,10.822613700151402,106.71643850041792,10.823633350432406
0,106.7153849001234,10.821653800050827,106.71792380041241,10.823401929903206
0,106.71286029993969,10.817333799819865,106.7143885002489,10.82387522642016
